{
	"credit": "Made with Blockbench",
	"texture_size": [64, 64],
	"textures": {
		"0": "./y_cybersword",
		"particle": "./y_cybersword"
	},
	"elements": [
		{
			"from": [14, 10, 6],
			"to": [16, 13, 8],
			"faces": {
				"north": {"uv": [8, 5.25, 8.5, 6], "texture": "#0"},
				"east": {"uv": [8, 6, 8.5, 6.75], "texture": "#0"},
				"south": {"uv": [8, 6.75, 8.5, 7.5], "texture": "#0"},
				"west": {"uv": [7.5, 8, 8, 8.75], "texture": "#0"},
				"up": {"uv": [9, 2.25, 8.5, 1.75], "texture": "#0"},
				"down": {"uv": [9, 3.25, 8.5, 3.75], "texture": "#0"}
			}
		},
		{
			"from": [14, 10, 10],
			"to": [16, 13, 12],
			"faces": {
				"north": {"uv": [8, 7.5, 8.5, 8.25], "texture": "#0"},
				"east": {"uv": [4.5, 8.25, 5, 9], "texture": "#0"},
				"south": {"uv": [5.5, 8.25, 6, 9], "texture": "#0"},
				"west": {"uv": [6, 8.25, 6.5, 9], "texture": "#0"},
				"up": {"uv": [4, 9, 3.5, 8.5], "texture": "#0"},
				"down": {"uv": [9, 3.75, 8.5, 4.25], "texture": "#0"}
			}
		},
		{
			"from": [18, 10, 13],
			"to": [20, 17, 15],
			"rotation": {"angle": 22.5, "axis": "z", "origin": [0, 0, 0]},
			"faces": {
				"north": {"uv": [4.5, 6.5, 5, 8.25], "texture": "#0"},
				"east": {"uv": [7, 1.25, 7.5, 3], "texture": "#0"},
				"south": {"uv": [7, 3, 7.5, 4.75], "texture": "#0"},
				"west": {"uv": [7, 4.75, 7.5, 6.5], "texture": "#0"},
				"up": {"uv": [4.5, 9, 4, 8.5], "texture": "#0"},
				"down": {"uv": [9, 4.25, 8.5, 4.75], "texture": "#0"}
			}
		},
		{
			"from": [20, 10, 7],
			"to": [22, 22, 11],
			"rotation": {"angle": 22.5, "axis": "z", "origin": [0, 0, 0]},
			"faces": {
				"north": {"uv": [6.5, 2.75, 7, 5.75], "texture": "#0"},
				"east": {"uv": [0, 5, 1, 8], "texture": "#0"},
				"south": {"uv": [3, 6.5, 3.5, 9.5], "texture": "#0"},
				"west": {"uv": [1, 5, 2, 8], "texture": "#0"},
				"up": {"uv": [8.5, 4.25, 8, 3.25], "texture": "#0"},
				"down": {"uv": [8.5, 4.25, 8, 5.25], "texture": "#0"}
			}
		},
		{
			"from": [18, 10, 3],
			"to": [20, 17, 5],
			"rotation": {"angle": 22.5, "axis": "z", "origin": [0, 0, 0]},
			"faces": {
				"north": {"uv": [7, 6.5, 7.5, 8.25], "texture": "#0"},
				"east": {"uv": [7.5, 1.25, 8, 3], "texture": "#0"},
				"south": {"uv": [7.5, 3, 8, 4.75], "texture": "#0"},
				"west": {"uv": [7.5, 4.75, 8, 6.5], "texture": "#0"},
				"up": {"uv": [9, 5.25, 8.5, 4.75], "texture": "#0"},
				"down": {"uv": [9, 5.25, 8.5, 5.75], "texture": "#0"}
			}
		},
		{
			"from": [18, 6, 5],
			"to": [20, 21, 13],
			"rotation": {"angle": 22.5, "axis": "z", "origin": [0, 0, 0]},
			"faces": {
				"north": {"uv": [2, 6.5, 2.5, 10.25], "texture": "#0"},
				"east": {"uv": [0, 0, 2, 3.75], "texture": "#0"},
				"south": {"uv": [2.5, 6.5, 3, 10.25], "texture": "#0"},
				"west": {"uv": [2, 0, 4, 3.75], "texture": "#0"},
				"up": {"uv": [4, 8.5, 3.5, 6.5], "texture": "#0"},
				"down": {"uv": [4.5, 6.5, 4, 8.5], "texture": "#0"}
			}
		},
		{
			"from": [9.5, 8.5, 17],
			"to": [12.5, 11.5, 19],
			"faces": {
				"north": {"uv": [4, 2.75, 4.75, 3.5], "texture": "#0"},
				"east": {"uv": [7, 8.25, 7.5, 9], "texture": "#0"},
				"south": {"uv": [8, 2.5, 8.75, 3.25], "texture": "#0"},
				"west": {"uv": [8, 8.25, 8.5, 9], "texture": "#0"},
				"up": {"uv": [0.75, 9, 0, 8.5], "texture": "#0"},
				"down": {"uv": [9.25, 1.25, 8.5, 1.75], "texture": "#0"}
			}
		},
		{
			"from": [11, 8, -15],
			"to": [11, 13, 5],
			"faces": {
				"north": {"uv": [0, 0, 0, 1.25], "texture": "#0"},
				"east": {"uv": [0, 3.75, 5, 5], "texture": "#0"},
				"south": {"uv": [0, 0, 0, 1.25], "texture": "#0"},
				"west": {"uv": [4, 0, 9, 1.25], "texture": "#0"},
				"up": {"uv": [0, 5, 0, 0], "texture": "#0"},
				"down": {"uv": [0, 0, 0, 5], "texture": "#0"}
			}
		},
		{
			"from": [10, 9, 12],
			"to": [12, 11, 17],
			"faces": {
				"north": {"uv": [8.5, 5.75, 9, 6.25], "texture": "#0"},
				"east": {"uv": [5.5, 7.75, 6.75, 8.25], "texture": "#0"},
				"south": {"uv": [8.5, 6.25, 9, 6.75], "texture": "#0"},
				"west": {"uv": [0, 8, 1.25, 8.5], "texture": "#0"},
				"up": {"uv": [1.75, 9.25, 1.25, 8], "texture": "#0"},
				"down": {"uv": [8.5, 1.25, 8, 2.5], "texture": "#0"}
			}
		},
		{
			"from": [10, 7.5, 4],
			"to": [12, 13.5, 5],
			"faces": {
				"north": {"uv": [7.5, 6.5, 8, 8], "texture": "#0"},
				"east": {"uv": [6.5, 8.25, 6.75, 9.75], "texture": "#0"},
				"south": {"uv": [5, 7.75, 5.5, 9.25], "texture": "#0"},
				"west": {"uv": [0.75, 8.5, 1, 10], "texture": "#0"},
				"up": {"uv": [9, 7, 8.5, 6.75], "texture": "#0"},
				"down": {"uv": [9, 7, 8.5, 7.25], "texture": "#0"}
			}
		},
		{
			"from": [9, 6, 5],
			"to": [13, 14, 6],
			"faces": {
				"north": {"uv": [5, 5.75, 6, 7.75], "texture": "#0"},
				"east": {"uv": [6.75, 7.75, 7, 9.75], "texture": "#0"},
				"south": {"uv": [6, 5.75, 7, 7.75], "texture": "#0"},
				"west": {"uv": [1.75, 8, 2, 10], "texture": "#0"},
				"up": {"uv": [5, 3.75, 4, 3.5], "texture": "#0"},
				"down": {"uv": [9.5, 2.25, 8.5, 2.5], "texture": "#0"}
			}
		},
		{
			"from": [8, 7, 6],
			"to": [14, 13, 12],
			"faces": {
				"north": {"uv": [4, 1.25, 5.5, 2.75], "texture": "#0"},
				"east": {"uv": [2, 5, 3.5, 6.5], "texture": "#0"},
				"south": {"uv": [5, 2.75, 6.5, 4.25], "texture": "#0"},
				"west": {"uv": [3.5, 5, 5, 6.5], "texture": "#0"},
				"up": {"uv": [6.5, 5.75, 5, 4.25], "texture": "#0"},
				"down": {"uv": [7, 1.25, 5.5, 2.75], "texture": "#0"}
			}
		}
	],
	"display": {
		"thirdperson_righthand": {
			"rotation": [90, 0, 0],
			"translation": [2, -1, -6]
		},
		"thirdperson_lefthand": {
			"rotation": [90, 180, 0],
			"translation": [2, -3, -6]
		},
		"firstperson_righthand": {
			"rotation": [51, 0, 0],
			"scale": [0.7, 0.7, 0.7]
		},
		"firstperson_lefthand": {
			"rotation": [51, 0, 0],
			"translation": [3.25, -1, 3.25],
			"scale": [0.7, 0.7, 0.7]
		},
		"gui": {
			"rotation": [-138.06, -52.87, -150.67],
			"translation": [-1.25, -3.5, 0],
			"scale": [0.7, 0.7, 0.7]
		},
		"head": {
			"translation": [5.25, -1.5, 0]
		},
		"fixed": {
			"rotation": [90, 60.75, -90],
			"translation": [-3.5, -6.25, 0]
		}
	},
	"groups": [
		{
			"name": "group",
			"origin": [8, 8, 8],
			"color": 0,
			"children": [0, 1, 2, 3, 4, 5, 6, 7, 8, 9, 10, 11]
		}
	]
}