{
	"credit": "Made with Blockbench",
	"texture_size": [64, 64],
	"textures": {
		"0": "./amnyam",
		"particle": "./amnyam"
	},
	"elements": [
		{
			"from": [9, 0, 4],
			"to": [12, 4, 7],
			"rotation": {"angle": 0, "axis": "y", "origin": [16, 0, 2]},
			"faces": {
				"north": {"uv": [8, 0.75, 8.75, 1.75], "texture": "#0"},
				"east": {"uv": [7.25, 0.75, 8, 1.75], "texture": "#0"},
				"south": {"uv": [6.5, 0.75, 7.25, 1.75], "texture": "#0"},
				"west": {"uv": [8.75, 0.75, 9.5, 1.75], "texture": "#0"},
				"up": {"uv": [8, 0.75, 7.25, 0], "rotation": 90, "texture": "#0"},
				"down": {"uv": [8.75, 0, 8, 0.75], "rotation": 270, "texture": "#0"}
			}
		},
		{
			"from": [3, 0, 4],
			"to": [6, 4, 7],
			"rotation": {"angle": 0, "axis": "y", "origin": [16, 0, 2]},
			"faces": {
				"north": {"uv": [5.75, 5.5, 6.5, 6.5], "texture": "#0"},
				"east": {"uv": [5, 5.5, 5.75, 6.5], "texture": "#0"},
				"south": {"uv": [4.25, 5.5, 5, 6.5], "texture": "#0"},
				"west": {"uv": [6.5, 5.5, 7.25, 6.5], "texture": "#0"},
				"up": {"uv": [5.75, 5.5, 5, 4.75], "rotation": 90, "texture": "#0"},
				"down": {"uv": [6.5, 4.75, 5.75, 5.5], "rotation": 270, "texture": "#0"}
			}
		},
		{
			"from": [2, 2, 3],
			"to": [13, 6, 6],
			"rotation": {"angle": 0, "axis": "y", "origin": [16, 0, 2]},
			"faces": {
				"north": {"uv": [3.5, 7.5, 6.25, 8.5], "texture": "#0"},
				"east": {"uv": [6.25, 7.5, 7, 8.5], "texture": "#0"},
				"south": {"uv": [0, 7.5, 2.75, 8.5], "texture": "#0"},
				"west": {"uv": [7, 7.5, 6.25, 8.5], "texture": "#0"},
				"up": {"uv": [3.5, 7.5, 2.75, 4.75], "rotation": 90, "texture": "#0"},
				"down": {"uv": [4.25, 4.75, 3.5, 7.5], "rotation": 270, "texture": "#0"}
			}
		},
		{
			"from": [2.5, 1, 4.25],
			"to": [12.5, 10, 12.25],
			"rotation": {"angle": 0, "axis": "y", "origin": [16, 0, 2]},
			"faces": {
				"north": {"uv": [4.5, 2.5, 7, 4.75], "texture": "#0"},
				"east": {"uv": [2.5, 2.5, 4.5, 4.75], "texture": "#0"},
				"south": {"uv": [0, 2.5, 2.5, 4.75], "texture": "#0"},
				"west": {"uv": [7, 2.5, 9, 4.75], "texture": "#0"},
				"up": {"uv": [4.5, 2.5, 2.5, 0], "rotation": 90, "texture": "#0"},
				"down": {"uv": [6.5, 0, 4.5, 2.5], "rotation": 270, "texture": "#0"}
			}
		},
		{
			"from": [9, 0, 7],
			"to": [12, 2, 9],
			"rotation": {"angle": 22.5, "axis": "y", "origin": [16, 0, 2]},
			"faces": {
				"north": {"uv": [1.25, 0.75, 2, 1.25], "texture": "#0"},
				"east": {"uv": [0.75, 0.75, 1.25, 1.25], "texture": "#0"},
				"south": {"uv": [0, 0.75, 0.75, 1.25], "texture": "#0"},
				"west": {"uv": [2, 0.75, 2.5, 1.25], "texture": "#0"},
				"up": {"uv": [1.25, 0.75, 0.75, 0], "rotation": 90, "texture": "#0"},
				"down": {"uv": [1.75, 0, 1.25, 0.75], "rotation": 270, "texture": "#0"}
			}
		},
		{
			"from": [9, 0, 16],
			"to": [12, 2, 18],
			"rotation": {"angle": -45, "axis": "y", "origin": [16, 0, 2]},
			"faces": {
				"north": {"uv": [2.5, 1.75, 1.75, 2.25], "texture": "#0"},
				"east": {"uv": [0, 1.75, 0.5, 2.25], "texture": "#0"},
				"south": {"uv": [1.75, 1.75, 2.5, 2.25], "texture": "#0"},
				"west": {"uv": [1.25, 1.75, 1.75, 2.25], "texture": "#0"},
				"up": {"uv": [1, 2, 0.5, 1.25], "rotation": 270, "texture": "#0"},
				"down": {"uv": [1, 1.25, 0.5, 2], "rotation": 90, "texture": "#0"}
			}
		},
		{
			"from": [6, 10, 8.5],
			"to": [9, 14, 8.5],
			"rotation": {"angle": 0, "axis": "y", "origin": [16, 0, 2]},
			"faces": {
				"north": {"uv": [0.75, 4.75, 1.5, 5.75], "texture": "#0"},
				"east": {"uv": [0.75, 4.75, 0.75, 5.75], "texture": "#0"},
				"south": {"uv": [0, 4.75, 0.75, 5.75], "texture": "#0"},
				"west": {"uv": [1.5, 4.75, 1.5, 5.75], "texture": "#0"},
				"up": {"uv": [0.75, 4.75, 0.75, 4], "rotation": 90, "texture": "#0"},
				"down": {"uv": [0.75, 4, 0.75, 4.75], "rotation": 270, "texture": "#0"}
			}
		},
		{
			"from": [5, 0, 5],
			"to": [9, 1, 9],
			"rotation": {"angle": -22.5, "axis": "y", "origin": [16, 0, 2]},
			"faces": {
				"north": {"uv": [8.25, 6.5, 9.25, 6.75], "texture": "#0"},
				"east": {"uv": [7.25, 6.5, 8.25, 6.75], "texture": "#0"},
				"south": {"uv": [6.25, 6.5, 7.25, 6.75], "texture": "#0"},
				"west": {"uv": [9.25, 6.5, 10.25, 6.75], "texture": "#0"},
				"up": {"uv": [8.25, 6.5, 7.25, 5.5], "rotation": 90, "texture": "#0"},
				"down": {"uv": [9.25, 5.5, 8.25, 6.5], "rotation": 270, "texture": "#0"}
			}
		}
	],
	"display": {
		"thirdperson_righthand": {
			"rotation": [73.03, 86.28, -70.87],
			"translation": [-5.75, 4.25, 0.75]
		},
		"thirdperson_lefthand": {
			"rotation": [124.61, -86.09, 136.03],
			"translation": [-5.75, 4.25, 0.75]
		},
		"firstperson_righthand": {
			"rotation": [0, 35.25, 0],
			"translation": [0, 5.25, 0]
		},
		"firstperson_lefthand": {
			"rotation": [-180, -41.25, 180],
			"translation": [0, 3, 0]
		},
		"ground": {
			"translation": [0, 3.5, 0]
		},
		"gui": {
			"rotation": [30, 132, 0],
			"translation": [0.25, 2.75, 0]
		},
		"head": {
			"translation": [0, 14.25, 0]
		},
		"fixed": {
			"rotation": [-88.75, 0, 0],
			"translation": [0, 0, -19.25],
			"scale": [2.5, 2.5, 2.5]
		}
	},
	"groups": [
		{
			"name": "group",
			"origin": [0, 0, 0],
			"color": 0,
			"children": [0, 1, 2, 3, 4, 5, 6, 7]
		}
	]
}