{
	"credit": "Made with Blockbench",
	"textures": {
		"0": "./vantyz",
		"particle": "./vantyz"
	},
	"elements": [
		{
			"from": [1, 4, 1],
			"to": [15, 12, 15],
			"faces": {
				"north": {"uv": [0, 0, 4, 2], "texture": "#0"},
				"east": {"uv": [0, 0, 4, 2], "texture": "#0"},
				"south": {"uv": [0, 0, 4, 2], "texture": "#0"},
				"west": {"uv": [0, 0, 4, 2], "texture": "#0"},
				"up": {"uv": [0, 2, 4, 6], "texture": "#0"},
				"down": {"uv": [4.5, 1, 7.5, 3], "texture": "#0"}
			}
		},
		{
			"from": [-1, 0, -1],
			"to": [17, 4, 17],
			"faces": {
				"north": {"uv": [0, 8.5, 4.5, 9.5], "texture": "#0"},
				"east": {"uv": [0, 8.5, 4.5, 9.5], "texture": "#0"},
				"south": {"uv": [0, 8.5, 4.5, 9.5], "texture": "#0"},
				"west": {"uv": [0, 8.5, 4.5, 9.5], "texture": "#0"},
				"up": {"uv": [8.5, 0, 4, 4.5], "texture": "#0"},
				"down": {"uv": [8.5, 0, 13, 4.5], "texture": "#0"}
			}
		},
		{
			"from": [6, 10, 6],
			"to": [10, 32, 10],
			"faces": {
				"north": {"uv": [15, 0, 16, 5.5], "texture": "#0"},
				"east": {"uv": [16, 0, 15, 5.5], "texture": "#0"},
				"south": {"uv": [15, 0, 16, 5.5], "texture": "#0"},
				"west": {"uv": [16, 0, 15, 5.5], "texture": "#0"},
				"up": {"uv": [14, 0, 15, 1], "texture": "#0"},
				"down": {"uv": [15, 0, 14, 1], "texture": "#0"}
			}
		}
	],
	"display": {
		"thirdperson_righthand": {
			"rotation": [-180, 0, 0],
			"translation": [0, 6, 1.5],
			"scale": [0.5, 0.5, 0.5]
		},
		"thirdperson_lefthand": {
			"rotation": [-180, 0, 0],
			"translation": [0, 6, 1.5],
			"scale": [0.5, 0.5, 0.5]
		},
		"firstperson_righthand": {
			"rotation": [123, 0, 0],
			"translation": [0.5, 4.5, 0],
			"scale": [0.55, 0.55, 0.55]
		},
		"firstperson_lefthand": {
			"rotation": [123, 0, 0],
			"translation": [0.5, 4.5, 0],
			"scale": [0.55, 0.55, 0.55]
		},
		"ground": {
			"translation": [0, 0.75, 0],
			"scale": [0.5, 0.5, 0.5]
		},
		"gui": {
			"rotation": [30, 132, 0],
			"translation": [0.25, -1.5, 0],
			"scale": [0.4, 0.4, 0.4]
		},
		"head": {
			"rotation": [0, 0, -9],
			"translation": [1, 8.75, -0.5],
			"scale": [1.01, 1, 1]
		},
		"fixed": {
			"rotation": [-90, 0, 0],
			"translation": [0, 0, -12],
			"scale": [1.49, 1.49, 1.49]
		}
	}
}