{
	"credit": "Made with Blockbench",
	"texture_size": [32, 32],
	"textures": {
		"2": "./y_cyberpunch",
		"particle": "./y_cyberpunch"
	},
	"elements": [
		{
			"from": [11, 12, 6],
			"to": [12, 19, 7],
			"faces": {
				"north": {"uv": [7, 10.5, 7.5, 14], "texture": "#2"},
				"east": {"uv": [2.5, 11, 3, 14.5], "texture": "#2"},
				"south": {"uv": [3, 11, 3.5, 14.5], "texture": "#2"},
				"west": {"uv": [3.5, 11, 4, 14.5], "texture": "#2"},
				"up": {"uv": [10, 4, 9.5, 3.5], "texture": "#2"},
				"down": {"uv": [10.5, 3.5, 10, 4], "texture": "#2"}
			}
		},
		{
			"from": [5, 12, 6],
			"to": [6, 19, 7],
			"faces": {
				"north": {"uv": [11, 3.5, 11.5, 7], "texture": "#2"},
				"east": {"uv": [4, 11, 4.5, 14.5], "texture": "#2"},
				"south": {"uv": [4.5, 11, 5, 14.5], "texture": "#2"},
				"west": {"uv": [11.5, 3.5, 12, 7], "texture": "#2"},
				"up": {"uv": [11, 4, 10.5, 3.5], "texture": "#2"},
				"down": {"uv": [11.5, 7, 11, 7.5], "texture": "#2"}
			}
		},
		{
			"from": [6, 11, 6],
			"to": [11, 20, 8],
			"faces": {
				"north": {"uv": [0, 4, 2.5, 8.5], "texture": "#2"},
				"east": {"uv": [5, 10.5, 6, 15], "texture": "#2"},
				"south": {"uv": [2.5, 4, 5, 8.5], "texture": "#2"},
				"west": {"uv": [6, 10.5, 7, 15], "texture": "#2"},
				"up": {"uv": [12, 3.5, 9.5, 2.5], "texture": "#2"},
				"down": {"uv": [2.5, 11, 0, 12], "texture": "#2"}
			}
		},
		{
			"from": [5, 10, 7],
			"to": [12, 18, 12],
			"faces": {
				"north": {"uv": [0, 0, 3.5, 4], "texture": "#2"},
				"east": {"uv": [5, 4, 7.5, 8], "texture": "#2"},
				"south": {"uv": [3.5, 0, 7, 4], "texture": "#2"},
				"west": {"uv": [7, 0, 9.5, 4], "texture": "#2"},
				"up": {"uv": [11, 6.5, 7.5, 4], "texture": "#2"},
				"down": {"uv": [11, 6.5, 7.5, 9], "texture": "#2"}
			}
		},
		{
			"from": [6, 5, 7],
			"to": [11, 10, 12],
			"faces": {
				"north": {"uv": [5, 8, 7.5, 10.5], "texture": "#2"},
				"east": {"uv": [0, 8.5, 2.5, 11], "texture": "#2"},
				"south": {"uv": [2.5, 8.5, 5, 11], "texture": "#2"},
				"west": {"uv": [7.5, 9, 10, 11.5], "texture": "#2"},
				"up": {"uv": [12, 2.5, 9.5, 0], "texture": "#2"},
				"down": {"uv": [12.5, 9, 10, 11.5], "texture": "#2"}
			}
		}
	],
	"display": {
		"thirdperson_righthand": {
			"rotation": [0, -90, -90],
			"translation": [1.5, -1.5, -0.5]
		},
		"thirdperson_lefthand": {
			"rotation": [0, -90, -90],
			"translation": [1.5, -2.5, -0.5]
		},
		"firstperson_righthand": {
			"rotation": [134, -17, -2],
			"translation": [-1.25, 3.5, 0]
		},
		"firstperson_lefthand": {
			"rotation": [134, -17, -2],
			"translation": [-1.25, 3.5, 0]
		},
		"ground": {
			"translation": [-0.25, 0.25, -1],
			"scale": [0.9, 0.9, 0.9]
		},
		"gui": {
			"rotation": [30, 225, 0],
			"translation": [1.25, -2.75, 0],
			"scale": [0.9, 0.9, 0.9]
		},
		"head": {
			"rotation": [90, 0, 0],
			"translation": [-0.5, 6.25, -4.75]
		},
		"fixed": {
			"translation": [-0.75, -4.25, -3]
		}
	},
	"groups": [
		{
			"name": "group",
			"origin": [8, 8, 8],
			"color": 0,
			"children": [0, 1, 2, 3, 4]
		}
	]
}