{
	"credit": "Made with Blockbench",
	"texture_size": [64, 64],
	"textures": {
		"0": "./alien_klinok",
		"particle": "./alien_klinok"
	},
	"elements": [
		{
			"from": [-3, 6, 0],
			"to": [16, 6, 9],
			"faces": {
				"north": {"uv": [2.25, 2.25, 7, 2.25], "texture": "#0"},
				"east": {"uv": [0, 2.25, 2.25, 2.25], "texture": "#0"},
				"south": {"uv": [9.25, 2.25, 14, 2.25], "texture": "#0"},
				"west": {"uv": [7, 2.25, 9.25, 2.25], "texture": "#0"},
				"up": {"uv": [7, 2.25, 2.25, 0], "texture": "#0"},
				"down": {"uv": [11.75, 0, 7, 2.25], "texture": "#0"}
			}
		},
		{
			"from": [11, 6, 6],
			"to": [14, 7, 8],
			"faces": {
				"north": {"uv": [0.5, 0.5, 1.25, 0.75], "texture": "#0"},
				"east": {"uv": [0, 0.5, 0.5, 0.75], "texture": "#0"},
				"south": {"uv": [1.75, 0.5, 2.5, 0.75], "texture": "#0"},
				"west": {"uv": [1.25, 0.5, 1.75, 0.75], "texture": "#0"},
				"up": {"uv": [1.25, 0.5, 0.5, 0], "texture": "#0"},
				"down": {"uv": [2, 0, 1.25, 0.5], "texture": "#0"}
			}
		}
	],
	"display": {
		"thirdperson_righthand": {
			"rotation": [82.61, -84.74, 83.28],
			"translation": [1.25, 0, 1.5]
		},
		"thirdperson_lefthand": {
			"rotation": [-179, 90, 0],
			"translation": [1.5, 0, 1.5],
			"scale": [-1, -1, -1]
		},
		"firstperson_righthand": {
			"rotation": [0, -100, 0],
			"translation": [1.75, 3.75, 0]
		},
		"firstperson_lefthand": {
			"rotation": [138, -80, -43],
			"translation": [1.75, 0.25, 0]
		},
		"gui": {
			"rotation": [25, 45, 90],
			"translation": [-0.25, 0, 0],
			"scale": [0.8, 0.8, 0.8]
		},
		"head": {
			"rotation": [125.84, -1.51, 90.6],
			"translation": [-2, 1.25, -7]
		},
		"fixed": {
			"rotation": [-89.25, 0, 0],
			"translation": [0, 3.5, -4.25],
			"scale": [2, 2, 2]
		}
	}
}