{
	"credit": "Made with Blockbench",
	"texture_size": [64, 64],
	"textures": {
		"0": "./dragon",
		"particle": "./dragon"
	},
	"elements": [
		{
			"from": [-7, 8, -1],
			"to": [-6, 12, 3],
			"rotation": {"angle": 0, "axis": "y", "origin": [-6.425, 9, 0]},
			"faces": {
				"north": {"uv": [3, 6.75, 3.25, 7.75], "texture": "#0"},
				"east": {"uv": [3, 6.75, 4, 7.75], "texture": "#0"},
				"south": {"uv": [3.75, 6.75, 4, 7.75], "texture": "#0"},
				"west": {"uv": [3, 6.75, 4, 7.75], "texture": "#0"},
				"up": {"uv": [4, 7, 3, 6.75], "rotation": 90, "texture": "#0"},
				"down": {"uv": [4, 7.75, 3, 7.5], "rotation": 90, "texture": "#0"}
			}
		},
		{
			"from": [-4, 0, -4],
			"to": [6, 2, 6],
			"faces": {
				"north": {"uv": [2.5, 0, 4.5, 0.5], "texture": "#0"},
				"east": {"uv": [7.5, 7, 10, 7.5], "texture": "#0"},
				"south": {"uv": [7.5, 7, 10, 7.5], "texture": "#0"},
				"west": {"uv": [2.5, 0, 5, 0.5], "texture": "#0"},
				"up": {"uv": [2.5, 2.5, 0, 5], "texture": "#0"},
				"down": {"uv": [2.5, 5, 0, 2.5], "rotation": 270, "texture": "#0"}
			}
		},
		{
			"from": [-4, 12, -4],
			"to": [6, 14, 6],
			"rotation": {"angle": 0, "axis": "y", "origin": [0, 12, 0]},
			"faces": {
				"north": {"uv": [3.5, 6.5, 6, 7], "texture": "#0"},
				"east": {"uv": [3.5, 6.5, 6, 7], "texture": "#0"},
				"south": {"uv": [3.5, 6.5, 6, 7], "texture": "#0"},
				"west": {"uv": [3.5, 6.5, 6, 7], "texture": "#0"},
				"up": {"uv": [2, 7, 0, 5], "texture": "#0"},
				"down": {"uv": [7, 0, 5, 2], "texture": "#0"}
			}
		},
		{
			"from": [6, 0, -4],
			"to": [8, 14, 6],
			"rotation": {"angle": 0, "axis": "y", "origin": [6, 6, 0]},
			"faces": {
				"north": {"uv": [2.75, 0, 2.5, 2.5], "texture": "#0"},
				"east": {"uv": [2.5, 0, 4.5, 2.5], "texture": "#0"},
				"south": {"uv": [2.5, 0, 3, 3.5], "texture": "#0"},
				"west": {"uv": [2.5, 2.5, 5, 5], "texture": "#0"},
				"up": {"uv": [2, 5, 0, 5.5], "rotation": 270, "texture": "#0"},
				"down": {"uv": [2.5, 0.5, 5, 0], "rotation": 90, "texture": "#0"}
			}
		},
		{
			"from": [-6, 0, 6],
			"to": [8, 14, 8],
			"rotation": {"angle": 0, "axis": "y", "origin": [2, 6, 6]},
			"faces": {
				"north": {"uv": [2.5, 2.5, 5, 5], "texture": "#0"},
				"east": {"uv": [2.5, 0, 2.75, 2.5], "texture": "#0"},
				"south": {"uv": [11.25, 0, 13.75, 2.5], "texture": "#0"},
				"west": {"uv": [2.5, 0, 2.75, 2.5], "texture": "#0"},
				"up": {"uv": [2, 5, 2.25, 2.5], "rotation": 90, "texture": "#0"},
				"down": {"uv": [9.5, 0, 7, 0.5], "rotation": 180, "texture": "#0"}
			}
		},
		{
			"from": [-6, 0, -4],
			"to": [-4, 14, 6],
			"rotation": {"angle": 0, "axis": "y", "origin": [-6, 6, 0]},
			"faces": {
				"north": {"uv": [2.5, 0, 2.75, 2.5], "texture": "#0"},
				"east": {"uv": [2.5, 2.5, 5, 5], "texture": "#0"},
				"south": {"uv": [3.5, 0, 4, 2.5], "texture": "#0"},
				"west": {"uv": [4.5, 0, 2.5, 2.5], "texture": "#0"},
				"up": {"uv": [0, 6.25, 2, 6.75], "rotation": 90, "texture": "#0"},
				"down": {"uv": [2.5, 0, 5, 0.5], "rotation": 90, "texture": "#0"}
			}
		},
		{
			"name": "mouth",
			"from": [-6, 0.1, -6],
			"to": [8, 3.05, -4],
			"rotation": {"angle": 0, "axis": "y", "origin": [3.05, -17.1, 7]},
			"faces": {
				"north": {"uv": [4.25, 5.5, 6.75, 6], "texture": "#0"},
				"east": {"uv": [3.25, 0, 3.5, 0.5], "texture": "#0"},
				"south": {"uv": [4.25, 5, 6.75, 5.5], "texture": "#0"},
				"west": {"uv": [3.5, 0, 3.25, 0.5], "texture": "#0"},
				"up": {"uv": [6.75, 5.5, 4.25, 6], "texture": "#0"},
				"down": {"uv": [4.25, 5.75, 6.75, 5.5], "texture": "#0"}
			}
		},
		{
			"from": [8, 8, -1],
			"to": [9, 12, 3],
			"rotation": {"angle": 0, "axis": "y", "origin": [8, 9, 0]},
			"faces": {
				"north": {"uv": [3, 6.75, 3.25, 7.75], "texture": "#0"},
				"east": {"uv": [4, 6.75, 3, 7.75], "texture": "#0"},
				"south": {"uv": [3.75, 6.75, 4, 7.75], "texture": "#0"},
				"west": {"uv": [3, 6.75, 4, 7], "texture": "#0"},
				"up": {"uv": [4, 7, 3.75, 6.75], "rotation": 90, "texture": "#0"},
				"down": {"uv": [4, 7.75, 3, 7.5], "rotation": 90, "texture": "#0"}
			}
		},
		{
			"from": [5.9, 12.7, 1.7],
			"to": [6, 21.7, 13],
			"faces": {
				"north": {"uv": [4.25, 9.25, 4.5, 11], "texture": "#0"},
				"east": {"uv": [2, 5, 4.25, 6.75], "texture": "#0"},
				"south": {"uv": [4, 9.25, 4.25, 11], "texture": "#0"},
				"west": {"uv": [5, 2, 7.25, 3.75], "texture": "#0"},
				"up": {"uv": [10.5, 6.25, 8.25, 6], "rotation": 90, "texture": "#0"},
				"down": {"uv": [10.5, 6.25, 8.25, 6.5], "rotation": 270, "texture": "#0"}
			}
		},
		{
			"from": [-3.975, 12.7, 1.7],
			"to": [-3.875, 21.7, 13],
			"faces": {
				"north": {"uv": [4.25, 9.25, 4.5, 11], "texture": "#0"},
				"east": {"uv": [2, 5, 4.25, 6.75], "texture": "#0"},
				"south": {"uv": [4, 9.25, 4.25, 11], "texture": "#0"},
				"west": {"uv": [5, 2, 7.25, 3.75], "texture": "#0"},
				"up": {"uv": [10.5, 6.25, 8.25, 6], "rotation": 90, "texture": "#0"},
				"down": {"uv": [10.5, 6.25, 8.25, 6.5], "rotation": 270, "texture": "#0"}
			}
		},
		{
			"name": "mouth",
			"from": [-6, 10.1, -7],
			"to": [8, 14.05, -4],
			"rotation": {"angle": 0, "axis": "y", "origin": [3.05, -17.1, 7]},
			"faces": {
				"north": {"uv": [4.25, 5, 6.75, 5.75], "texture": "#0"},
				"east": {"uv": [4.25, 0.75, 4.75, 0], "texture": "#0"},
				"south": {"uv": [4.25, 5, 6.75, 5.5], "texture": "#0"},
				"west": {"uv": [4.75, 0.75, 4.25, 0], "texture": "#0"},
				"up": {"uv": [6.75, 5, 4.25, 5.5], "texture": "#0"},
				"down": {"uv": [4.25, 6, 6.75, 5.5], "texture": "#0"}
			}
		},
		{
			"from": [6, 3, -5],
			"to": [8, 4, -4],
			"faces": {
				"north": {"uv": [7.5, 5.75, 7.75, 6], "texture": "#0"},
				"east": {"uv": [7.25, 5.75, 7.5, 6], "texture": "#0"},
				"south": {"uv": [7.5, 5.75, 7.75, 6], "texture": "#0"},
				"west": {"uv": [7.25, 5.75, 7.5, 6], "texture": "#0"},
				"up": {"uv": [7.5, 5.75, 7.75, 6], "texture": "#0"},
				"down": {"uv": [7.5, 5.75, 7.75, 6], "texture": "#0"}
			}
		},
		{
			"from": [0, 9.1, -5],
			"to": [2, 10.1, -4],
			"faces": {
				"north": {"uv": [7.5, 5.75, 7.75, 6], "texture": "#0"},
				"east": {"uv": [7.25, 5.75, 7.5, 6], "texture": "#0"},
				"south": {"uv": [7.5, 5.75, 7.75, 6], "texture": "#0"},
				"west": {"uv": [7.25, 5.75, 7.5, 6], "texture": "#0"},
				"up": {"uv": [7.5, 5.75, 7.75, 6], "texture": "#0"},
				"down": {"uv": [7.5, 5.75, 7.75, 6], "texture": "#0"}
			}
		},
		{
			"from": [-6, 9.1, -5],
			"to": [-4, 10.1, -4],
			"faces": {
				"north": {"uv": [7.5, 5.75, 7.75, 6], "texture": "#0"},
				"east": {"uv": [7.25, 5.75, 7.5, 6], "texture": "#0"},
				"south": {"uv": [7.5, 5.75, 7.75, 6], "texture": "#0"},
				"west": {"uv": [7.25, 5.75, 7.5, 6], "texture": "#0"},
				"up": {"uv": [7.5, 5.75, 7.75, 6], "texture": "#0"},
				"down": {"uv": [7.5, 5.75, 7.75, 6], "texture": "#0"}
			}
		},
		{
			"from": [6, 9.1, -5],
			"to": [8, 10.1, -4],
			"faces": {
				"north": {"uv": [7.5, 5.75, 7.75, 6], "texture": "#0"},
				"east": {"uv": [7.25, 5.75, 7.5, 6], "texture": "#0"},
				"south": {"uv": [7.5, 5.75, 7.75, 6], "texture": "#0"},
				"west": {"uv": [7.25, 5.75, 7.5, 6], "texture": "#0"},
				"up": {"uv": [7.5, 5.75, 7.75, 6], "texture": "#0"},
				"down": {"uv": [7.5, 5.75, 7.75, 6], "texture": "#0"}
			}
		},
		{
			"from": [-6, 3, -5],
			"to": [-4, 4, -4],
			"faces": {
				"north": {"uv": [7.5, 5.75, 7.75, 6], "texture": "#0"},
				"east": {"uv": [7.25, 5.75, 7.5, 6], "texture": "#0"},
				"south": {"uv": [7.5, 5.75, 7.75, 6], "texture": "#0"},
				"west": {"uv": [7.25, 5.75, 7.5, 6], "texture": "#0"},
				"up": {"uv": [7.5, 5.75, 7.75, 6], "texture": "#0"},
				"down": {"uv": [7.5, 5.75, 7.75, 6], "texture": "#0"}
			}
		},
		{
			"from": [0, 3, -5],
			"to": [2, 4, -4],
			"faces": {
				"north": {"uv": [7.5, 5.75, 7.75, 6], "texture": "#0"},
				"east": {"uv": [7.25, 5.75, 7.5, 6], "texture": "#0"},
				"south": {"uv": [7.5, 5.75, 7.75, 6], "texture": "#0"},
				"west": {"uv": [7.25, 5.75, 7.5, 6], "texture": "#0"},
				"up": {"uv": [7.5, 5.75, 7.75, 6], "texture": "#0"},
				"down": {"uv": [7.5, 5.75, 7.75, 6], "texture": "#0"}
			}
		}
	],
	"display": {
		"thirdperson_righthand": {
			"translation": [3.25, 4, 2.5],
			"scale": [0.5, 0.5, 0.5]
		},
		"thirdperson_lefthand": {
			"translation": [-3.25, 4, 2.5],
			"scale": [0.5, 0.5, 0.5]
		},
		"firstperson_righthand": {
			"translation": [13, -1.25, 0]
		},
		"firstperson_lefthand": {
			"translation": [-0.75, -1.25, 0]
		},
		"ground": {
			"translation": [4.75, 3, 3.5],
			"scale": [0.6, 0.6, 0.6]
		},
		"gui": {
			"rotation": [30, 132, 0],
			"translation": [0.25, 2.75, 0],
			"scale": [0.6, 0.6, 0.6]
		},
		"head": {
			"translation": [8.25, 1, 7.25],
			"scale": [1.21, 1.21, 1.21]
		},
		"fixed": {
			"rotation": [-90, 0, 0],
			"translation": [10.5, 9.75, -10],
			"scale": [1.5, 1.5, 1.5]
		}
	},
	"groups": [
		{
			"name": "full",
			"origin": [8, 9, 0],
			"color": 0,
			"children": [0, 1, 2, 3, 4, 5, 6, 7]
		},
		8,
		9,
		10,
		11,
		12,
		13,
		14,
		15,
		16
	]
}