{
	"credit": "Made with Blockbench",
	"textures": {
		"0": "./shleem1",
		"1": "./shleem2",
		"particle": "./shleem1"
	},
	"elements": [
		{
			"from": [3, 4, 0.5],
			"to": [5, 5, 1],
			"faces": {
				"north": {"uv": [6, 4, 7, 4.5], "texture": "#0"},
				"east": {"uv": [7, 1.5, 7.25, 2], "texture": "#0"},
				"south": {"uv": [6, 4.5, 7, 5], "texture": "#0"},
				"west": {"uv": [7, 2, 7.25, 2.5], "texture": "#0"},
				"up": {"uv": [7.5, 6.25, 6.5, 6], "texture": "#0"},
				"down": {"uv": [7.5, 6.5, 6.5, 6.75], "texture": "#0"}
			}
		},
		{
			"from": [-1, 2, 0.5],
			"to": [1, 3, 1],
			"faces": {
				"north": {"uv": [4, 8, 6, 9], "texture": "#1"},
				"east": {"uv": [8, 9, 8.5, 10], "texture": "#1"},
				"south": {"uv": [6, 8, 8, 9], "texture": "#1"},
				"west": {"uv": [9, 9, 9.5, 10], "texture": "#1"},
				"up": {"uv": [4, 9.5, 2, 9], "texture": "#1"},
				"down": {"uv": [6, 9, 4, 9.5], "texture": "#1"}
			}
		},
		{
			"from": [-1, 2, 6.5],
			"to": [1, 3, 7],
			"faces": {
				"north": {"uv": [0, 8, 2, 9], "texture": "#1"},
				"east": {"uv": [6, 9, 6.5, 10], "texture": "#1"},
				"south": {"uv": [2, 8, 4, 9], "texture": "#1"},
				"west": {"uv": [7, 9, 7.5, 10], "texture": "#1"},
				"up": {"uv": [10, 8.5, 8, 8], "texture": "#1"},
				"down": {"uv": [2, 9, 0, 9.5], "texture": "#1"}
			}
		},
		{
			"from": [1, 2, 0.5],
			"to": [3, 5, 1],
			"faces": {
				"north": {"uv": [3, 5, 4, 6.5], "texture": "#0"},
				"east": {"uv": [2.5, 6, 2.75, 7.5], "texture": "#0"},
				"south": {"uv": [4, 5, 5, 6.5], "texture": "#0"},
				"west": {"uv": [6, 6, 6.25, 7.5], "texture": "#0"},
				"up": {"uv": [5, 6.75, 4, 6.5], "texture": "#0"},
				"down": {"uv": [6, 6.5, 5, 6.75], "texture": "#0"}
			}
		},
		{
			"from": [1, 2, 6.5],
			"to": [3, 5, 7],
			"faces": {
				"north": {"uv": [5, 5, 6, 6.5], "texture": "#0"},
				"east": {"uv": [3, 6.5, 3.25, 8], "texture": "#0"},
				"south": {"uv": [0, 6, 1, 7.5], "texture": "#0"},
				"west": {"uv": [3.5, 6.5, 3.75, 8], "texture": "#0"},
				"up": {"uv": [2, 7.25, 1, 7], "texture": "#0"},
				"down": {"uv": [8, 1, 7, 1.25], "texture": "#0"}
			}
		},
		{
			"from": [3, 4, 6.5],
			"to": [5, 5, 7],
			"faces": {
				"north": {"uv": [6, 5, 7, 5.5], "texture": "#0"},
				"east": {"uv": [7, 2.5, 7.25, 3], "texture": "#0"},
				"south": {"uv": [6, 5.5, 7, 6], "texture": "#0"},
				"west": {"uv": [7, 3, 7.25, 3.5], "texture": "#0"},
				"up": {"uv": [8, 0.25, 7, 0], "texture": "#0"},
				"down": {"uv": [8, 0.5, 7, 0.75], "texture": "#0"}
			}
		},
		{
			"from": [4.5, 5, 1],
			"to": [5, 7, 6.5],
			"faces": {
				"north": {"uv": [6.5, 1, 6.75, 2.25], "texture": "#0"},
				"east": {"uv": [3, 0, 5.75, 1.25], "texture": "#0"},
				"south": {"uv": [6.5, 2.5, 6.75, 3.75], "texture": "#0"},
				"west": {"uv": [3, 1.5, 5.75, 2.75], "texture": "#0"},
				"up": {"uv": [6.25, 3.75, 6, 1], "texture": "#0"},
				"down": {"uv": [2.25, 6, 2, 8.75], "texture": "#0"}
			}
		},
		{
			"from": [1.5, 5, 0.8],
			"to": [7, 9, 0.8],
			"faces": {
				"north": {"uv": [0, 0, 5.5, 4], "texture": "#1"},
				"east": {"uv": [0, 0, 0, 4], "texture": "#1"},
				"south": {"uv": [0, 4, 5.5, 8], "texture": "#1"},
				"west": {"uv": [0, 0, 0, 4], "texture": "#1"},
				"up": {"uv": [5.5, 0, 0, 0], "texture": "#1"},
				"down": {"uv": [5.5, 0, 0, 0], "texture": "#1"}
			}
		},
		{
			"from": [1.5, 5, 6.8],
			"to": [7, 9, 6.8],
			"faces": {
				"north": {"uv": [6, 0, 11.5, 4], "texture": "#1"},
				"east": {"uv": [0, 0, 0, 4], "texture": "#1"},
				"south": {"uv": [6, 4, 11.5, 8], "texture": "#1"},
				"west": {"uv": [0, 0, 0, 4], "texture": "#1"},
				"up": {"uv": [5.5, 0, 0, 0], "texture": "#1"},
				"down": {"uv": [5.5, 0, 0, 0], "texture": "#1"}
			}
		},
		{
			"from": [-2, 7, 0.8],
			"to": [5, 7, 6.8],
			"faces": {
				"north": {"uv": [0, 0, 3.5, 0], "texture": "#0"},
				"east": {"uv": [0, 0, 3, 0], "texture": "#0"},
				"south": {"uv": [0, 0, 3.5, 0], "texture": "#0"},
				"west": {"uv": [0, 0, 3, 0], "texture": "#0"},
				"up": {"uv": [11.5, 3, 8, 0], "texture": "#0"},
				"down": {"uv": [15, 0, 11.5, 3], "texture": "#0"}
			}
		},
		{
			"from": [-2, 5, 2.8],
			"to": [-2, 7, 4.8],
			"faces": {
				"north": {"uv": [0, 0, 0, 1], "texture": "#0"},
				"east": {"uv": [6, 0, 7, 1], "texture": "#0"},
				"south": {"uv": [0, 0, 0, 1], "texture": "#0"},
				"west": {"uv": [1, 6, 2, 7], "texture": "#0"},
				"up": {"uv": [0, 1, 0, 0], "texture": "#0"},
				"down": {"uv": [0, 0, 0, 1], "texture": "#0"}
			}
		},
		{
			"from": [-2, 2, 0.8],
			"to": [-2, 6, 6.8],
			"faces": {
				"north": {"uv": [0, 0, 0, 2], "texture": "#0"},
				"east": {"uv": [0, 0, 3, 2], "texture": "#0"},
				"south": {"uv": [0, 0, 0, 2], "texture": "#0"},
				"west": {"uv": [0, 2, 3, 4], "texture": "#0"},
				"up": {"uv": [0, 3, 0, 0], "texture": "#0"},
				"down": {"uv": [0, 0, 0, 3], "texture": "#0"}
			}
		},
		{
			"from": [-2, 2, 0.8],
			"to": [1.025, 6, 0.8],
			"faces": {
				"north": {"uv": [3, 3, 4.5, 5], "texture": "#0"},
				"east": {"uv": [0, 0, 0, 2], "texture": "#0"},
				"south": {"uv": [0, 4, 1.5, 6], "texture": "#0"},
				"west": {"uv": [0, 0, 0, 2], "texture": "#0"},
				"up": {"uv": [1.5, 0, 0, 0], "texture": "#0"},
				"down": {"uv": [1.5, 0, 0, 0], "texture": "#0"}
			}
		},
		{
			"from": [-2, 2, 6.8],
			"to": [1.025, 6, 6.8],
			"faces": {
				"north": {"uv": [1.5, 4, 3, 6], "texture": "#0"},
				"east": {"uv": [0, 0, 0, 2], "texture": "#0"},
				"south": {"uv": [4.5, 3, 6, 5], "texture": "#0"},
				"west": {"uv": [0, 0, 0, 2], "texture": "#0"},
				"up": {"uv": [1.5, 0, 0, 0], "texture": "#0"},
				"down": {"uv": [1.5, 0, 0, 0], "texture": "#0"}
			}
		}
	],
	"display": {
		"thirdperson_righthand": {
			"rotation": [42, -90, 0],
			"translation": [-10.5, -0.75, 7.75],
			"scale": [1.27, 1.27, 1.2]
		},
		"thirdperson_lefthand": {
			"rotation": [42, 90, 0],
			"translation": [-0.5, -0.75, 5],
			"scale": [1.27, 1.27, 1.2]
		},
		"firstperson_righthand": {
			"rotation": [180, -90, 180],
			"translation": [-3.75, 5.25, 5.5]
		},
		"firstperson_lefthand": {
			"rotation": [180, 90, 180],
			"translation": [5.25, 5.25, 5]
		},
		"ground": {
			"translation": [5.25, 2.5, 4],
			"scale": [0.82, 0.82, 0.82]
		},
		"gui": {
			"rotation": [30, 132, 0],
			"translation": [-0.75, 8, 0],
			"scale": [1.4, 1.4, 1.4]
		},
		"head": {
			"rotation": [0, -90, 0],
			"translation": [-10.25, 9.75, 14.25],
			"scale": [2.19, 2.71, 2.43]
		},
		"fixed": {
			"rotation": [-90, -90, 0],
			"translation": [-11.75, 16.5, -17],
			"scale": [2.8, 2.8, 2.8]
		}
	}
}