{
	"credit": "Made with Blockbench",
	"parent": "item/generated",
	"textures": {
		"layer0": "./aqua"
	},
	"display": {
		"thirdperson_righthand": {
			"rotation": [0, -90, 55],
			"translation": [-0.25, 5, 0.75],
			"scale": [1.7, 1.7, 0.85]
		},
		"thirdperson_lefthand": {
			"rotation": [-105.5, -8.5, 50.5],
			"translation": [-7.5, -0.25, 1.25],
			"scale": [1.7, 1.7, 0.85]
		},
		"firstperson_righthand": {
			"rotation": [0, -85, 25],
			"translation": [0.13, 3.2, 1.13],
			"scale": [1.36, 1.36, 0.68]
		},
		"firstperson_lefthand": {
			"rotation": [-157.5, -6, 40],
			"translation": [-8.62, 3.2, 4.88],
			"scale": [1.36, 1.36, 0.68]
		},
		"ground": {
			"translation": [0, 3, 0],
			"scale": [1, 1, 0.5]
		},
		"gui": {
			"scale": [2, 2, 1]
		},
		"head": {
			"rotation": [2.5, -180, -133.5],
			"translation": [0.5, -9.25, 7],
			"scale": [3.4, 3.4, 1.7]
		},
		"fixed": {
			"scale": [2, 2, 1]
		}
	}
}