{
    "parent": "item/generated", 
    "textures": {
        "layer0": "block/orange_tulip"
    },
    "overrides": [
        {"predicate":{"custom_model_data":1},"model":"mcpaint/studio/studio_1x1"},
        {"predicate":{"custom_model_data":2},"model":"mcpaint/feedback_egg"},
        {"predicate":{"custom_model_data":3},"model":"mcpaint/colour_picker_fg"},
        {"predicate":{"custom_model_data":4},"model":"mcpaint/tools"},
        {"predicate":{"custom_model_data":5},"model":"mcpaint/painting/canvas_1x1"},
        {"predicate":{"custom_model_data":6},"model":"mcpaint/colour_picker_bg"},
        {"predicate":{"custom_model_data":7},"model":"mcpaint/selection_arrows"},
        {"predicate":{"custom_model_data":8},"model":"mcpaint/studio/studio_1x2"},
        {"predicate":{"custom_model_data":9},"model":"mcpaint/painting/canvas_1x2"},
        {"predicate":{"custom_model_data":10},"model":"mcpaint/ui/new_file_popup"},
        {"predicate":{"custom_model_data":11},"model":"mcpaint/studio/studio_2x1"},
        {"predicate":{"custom_model_data":12},"model":"mcpaint/painting/canvas_2x1"},
        {"predicate":{"custom_model_data":13},"model":"mcpaint/painting/canvas_2x2"},
        {"predicate":{"custom_model_data":14},"model":"mcpaint/studio/studio_2x2"},
        {"predicate":{"custom_model_data":15},"model":"mcpaint/ui/history_bg"},
        {"predicate":{"custom_model_data":16},"model":"mcpaint/ui/history_undo"},
        {"predicate":{"custom_model_data":17},"model":"mcpaint/ui/history_redo"},
        {"predicate":{"custom_model_data":18},"model":"mcpaint/ui/load_popup"},
        {"predicate":{"custom_model_data":19},"model":"mcpaint/tools/select_subtool"},
        {"predicate":{"custom_model_data":20},"model":"mcpaint/tools/colour_picker"},
        {"predicate":{"custom_model_data":21},"model":"mcpaint/tools/pen"},
        {"predicate":{"custom_model_data":22},"model":"mcpaint/colour_picker_transparent"},
        {"predicate":{"custom_model_data":23},"model":"mcpaint/painting/canvas_3x1"},
        {"predicate":{"custom_model_data":24},"model":"mcpaint/painting/canvas_3x2"},
        {"predicate":{"custom_model_data":25},"model":"mcpaint/painting/canvas_4x1"},
        {"predicate":{"custom_model_data":26},"model":"mcpaint/painting/canvas_4x2"},
        {"predicate":{"custom_model_data":27},"model":"mcpaint/studio/studio_3x1"},
        {"predicate":{"custom_model_data":28},"model":"mcpaint/studio/studio_3x2"},
        {"predicate":{"custom_model_data":29},"model":"mcpaint/studio/studio_4x1"},
        {"predicate":{"custom_model_data":30},"model":"mcpaint/studio/studio_4x2"}
    ]
}