{
	"credit": "Made with Blockbench",
	"textures": {
		"4": "./visor"
	},
	"elements": [
		{
			"from": [4, 0, 4],
			"to": [4, 2, 12],
			"faces": {
				"north": {"uv": [8, 0, 9, 2], "texture": "#4"},
				"east": {"uv": [8, 0, 16, 2], "texture": "#4"},
				"south": {"uv": [8, 0, 9, 2], "texture": "#4"},
				"west": {"uv": [16, 0, 8, 2], "texture": "#4"},
				"up": {"uv": [8, 1, 16, 0], "texture": "#4"},
				"down": {"uv": [8, 0, 16, 1], "texture": "#4"}
			}
		},
		{
			"from": [12, 0, 4],
			"to": [12, 2, 12],
			"faces": {
				"north": {"uv": [8, 0, 16, 1], "texture": "#4"},
				"east": {"uv": [16, 0, 8, 2], "texture": "#4"},
				"south": {"uv": [8, 0, 16, 1], "texture": "#4"},
				"west": {"uv": [16, 0, 8, 2], "texture": "#4"},
				"up": {"uv": [8, 1, 16, 0], "texture": "#4"},
				"down": {"uv": [8, 0, 16, 1], "texture": "#4"}
			}
		},
		{
			"from": [4, 0, 4],
			"to": [12, 2, 4],
			"faces": {
				"north": {"uv": [8, 0, 16, 2], "texture": "#4"},
				"east": {"uv": [8, 0, 9, 2], "texture": "#4"},
				"south": {"uv": [16, 0, 8, 2], "texture": "#4"},
				"west": {"uv": [8, 0, 9, 2], "texture": "#4"},
				"up": {"uv": [16, 0, 8, 1], "texture": "#4"},
				"down": {"uv": [16, 0, 8, 1], "texture": "#4"}
			}
		},
		{
			"from": [4, 0, 12],
			"to": [12, 2, 12],
			"faces": {
				"north": {"uv": [8, 0, 16, 2], "texture": "#4"},
				"east": {"uv": [8, 0, 9, 2], "texture": "#4"},
				"south": {"uv": [8, 0, 16, 2], "texture": "#4"},
				"west": {"uv": [8, 0, 9, 2], "texture": "#4"},
				"up": {"uv": [16, 0, 8, 1], "texture": "#4"},
				"down": {"uv": [16, 0, 8, 1], "texture": "#4"}
			}
		},
		{
			"from": [4, 0, 0.001],
			"to": [12, 0, 4.001],
			"faces": {
				"north": {"uv": [0, 0, 8, 0], "texture": "#4"},
				"east": {"uv": [0, 0, 4, 0], "texture": "#4"},
				"south": {"uv": [0, 0, 8, 0], "texture": "#4"},
				"west": {"uv": [0, 0, 4, 0], "texture": "#4"},
				"up": {"uv": [8, 4, 0, 0], "texture": "#4"},
				"down": {"uv": [8, 0, 0, 4], "texture": "#4"}
			}
		}
	],
	"display": {
		"thirdperson_righthand": {
			"translation": [0, 5.5, -0.25],
			"scale": [0.7, 0.7, 0.7]
		},
		"thirdperson_lefthand": {
			"translation": [0, 5.5, -0.25],
			"scale": [0.7, 0.7, 0.7]
		},
		"firstperson_righthand": {
			"rotation": [0, 130, 0],
			"translation": [3, 9.5, -1.25]
		},
		"firstperson_lefthand": {
			"rotation": [0, 130, 0],
			"translation": [3, 9.5, -1.25]
		},
		"ground": {
			"translation": [0, 5.75, 0]
		},
		"gui": {
			"rotation": [30, 132, 0],
			"translation": [1, 5.75, 0]
		},
		"head": {
			"translation": [0, 16.5, 0],
			"scale": [1.84, 1.84, 1.84]
		},
		"fixed": {
			"rotation": [-90, 0, 0],
			"translation": [0, 0, -16],
			"scale": [2, 2, 2]
		}
	}
}