{
	"credit": "Made with Blockbench",
	"texture_size": [256, 256],
	"textures": {
		"0": "ufo",
		"particle": "ufo"
	},
	"elements": [
		{
			"from": [-13, -9, -11],
			"to": [28, -3, 27],
			"faces": {
				"north": {"uv": [0, 7.75, 2.5625, 8.125], "texture": "#0"},
				"east": {"uv": [7.8125, 1.125, 10.1875, 1.5], "texture": "#0"},
				"south": {"uv": [7.8125, 0, 10.375, 0.375], "texture": "#0"},
				"west": {"uv": [7.8125, 1.5, 10.1875, 1.875], "texture": "#0"},
				"up": {"uv": [5.5, 2.375, 2.9375, 0], "texture": "#0"},
				"down": {"uv": [5.5, 2.375, 2.9375, 4.75], "texture": "#0"}
			}
		},
		{
			"from": [-11, -3, -9],
			"to": [26, -2, 25],
			"faces": {
				"north": {"uv": [7.8125, 3.125, 10.125, 3.1875], "texture": "#0"},
				"east": {"uv": [7.8125, 3.25, 9.9375, 3.3125], "texture": "#0"},
				"south": {"uv": [7.8125, 3.1875, 10.125, 3.25], "texture": "#0"},
				"west": {"uv": [7.8125, 3.3125, 9.9375, 3.375], "texture": "#0"},
				"up": {"uv": [7.8125, 2.125, 5.5, 0], "texture": "#0"},
				"down": {"uv": [7.8125, 2.125, 5.5, 4.25], "texture": "#0"}
			}
		},
		{
			"from": [-5, -2, -5],
			"to": [21, 23, 21],
			"faces": {
				"north": {"uv": [7.0625, 4.25, 8.5625, 5.8125], "texture": "#0"},
				"east": {"uv": [5.5, 4.25, 7.0625, 5.8125], "texture": "#0"},
				"south": {"uv": [7.0625, 5.8125, 8.5625, 7.375], "texture": "#0"},
				"west": {"uv": [5.5, 5.8125, 7.0625, 7.375], "texture": "#0"},
				"up": {"uv": [4.0625, 8.6875, 2.5625, 7.125], "texture": "#0"},
				"down": {"uv": [5.5625, 7.375, 4.0625, 8.9375], "texture": "#0"}
			}
		},
		{
			"from": [-3, 23, -3],
			"to": [19, 25, 19],
			"faces": {
				"north": {"uv": [7.8125, 2.875, 9.0625, 3], "texture": "#0"},
				"east": {"uv": [4.0625, 7.125, 5.375, 7.25], "texture": "#0"},
				"south": {"uv": [7.8125, 3, 9.0625, 3.125], "texture": "#0"},
				"west": {"uv": [4.0625, 7.25, 5.375, 7.375], "texture": "#0"},
				"up": {"uv": [6.8125, 8.6875, 5.5625, 7.375], "texture": "#0"},
				"down": {"uv": [8.0625, 7.375, 6.8125, 8.6875], "texture": "#0"}
			}
		},
		{
			"from": [4, 30, 4],
			"to": [12, 32, 13],
			"faces": {
				"north": {"uv": [2.5625, 6.125, 2.9375, 6.25], "texture": "#0"},
				"east": {"uv": [2.5625, 6.25, 2.9375, 6.375], "texture": "#0"},
				"south": {"uv": [2.5625, 6.375, 2.9375, 6.5], "texture": "#0"},
				"west": {"uv": [2.5625, 6.5, 2.9375, 6.625], "texture": "#0"},
				"up": {"uv": [2.9375, 5.75, 2.5625, 5.375], "texture": "#0"},
				"down": {"uv": [2.9375, 5.75, 2.5625, 6.125], "texture": "#0"}
			}
		},
		{
			"from": [7, 25, 7],
			"to": [9, 30, 10],
			"faces": {
				"north": {"uv": [2.5625, 6.625, 2.6875, 6.9375], "texture": "#0"},
				"east": {"uv": [2.6875, 6.625, 2.8125, 6.9375], "texture": "#0"},
				"south": {"uv": [2.8125, 6.625, 2.9375, 6.9375], "texture": "#0"},
				"west": {"uv": [7.8125, 3.375, 7.9375, 3.6875], "texture": "#0"},
				"up": {"uv": [2.6875, 7.0625, 2.5625, 6.9375], "texture": "#0"},
				"down": {"uv": [2.8125, 6.9375, 2.6875, 7.0625], "texture": "#0"}
			}
		},
		{
			"from": [-16, -7, -14],
			"to": [31, -6, 29],
			"faces": {
				"north": {"uv": [7.8125, 2.625, 10.75, 2.6875], "texture": "#0"},
				"east": {"uv": [7.8125, 2.75, 10.5, 2.8125], "texture": "#0"},
				"south": {"uv": [7.8125, 2.6875, 10.75, 2.75], "texture": "#0"},
				"west": {"uv": [7.8125, 2.8125, 10.5, 2.875], "texture": "#0"},
				"up": {"uv": [2.9375, 2.6875, 0, 0], "texture": "#0"},
				"down": {"uv": [2.9375, 2.6875, 0, 5.375], "texture": "#0"}
			}
		}
	],
	"display": {
		"thirdperson_righthand": {
			"translation": [0, 3.25, 0.75],
			"scale": [0.2, 0.2, 0.2]
		},
		"thirdperson_lefthand": {
			"translation": [0, 3.25, 0.75],
			"scale": [0.2, 0.2, 0.2]
		},
		"firstperson_righthand": {
			"rotation": [7, -19, -5],
			"translation": [6, 1.25, -4],
			"scale": [0.2, 0.2, 0.2]
		},
		"firstperson_lefthand": {
			"rotation": [7, -19, -5],
			"translation": [6, 1.25, -4],
			"scale": [0.2, 0.2, 0.2]
		},
		"ground": {
			"translation": [-0.75, 1.75, 0.5],
			"scale": [0.2, 0.2, 0.2]
		},
		"gui": {
			"rotation": [30, 132, 0],
			"translation": [0, 0.5, 0],
			"scale": [0.2, 0.2, 0.2]
		},
		"head": {
			"rotation": [0, -3, 0],
			"translation": [0, -11.75, 0],
			"scale": [2, 2, 2]
		},
		"fixed": {
			"rotation": [-90, 0, 0],
			"translation": [0, 0, -34],
			"scale": [2, 2, 2]
		}
	},
	"groups": [
		{
			"name": "group",
			"origin": [8, 8, 8],
			"color": 0,
			"children": [0, 1, 2, 3, 4, 5, 6]
		}
	]
}