{
	"credit": "Made with Blockbench",
	"texture_size": [32, 32],
	"textures": {
		"0": "sput",
		"particle": "sput"
	},
	"elements": [
		{
			"from": [3, 3, 6],
			"to": [11, 11, 14],
			"faces": {
				"north": {"uv": [4, 0, 8, 4], "texture": "#0"},
				"east": {"uv": [8, 0, 4, 4], "texture": "#0"},
				"south": {"uv": [4, 0, 8, 4], "texture": "#0"},
				"west": {"uv": [8, 0, 4, 4], "texture": "#0"},
				"up": {"uv": [4, 4, 0, 0], "texture": "#0"},
				"down": {"uv": [4, 0, 0, 4], "texture": "#0"}
			}
		},
		{
			"from": [2, 7, 13],
			"to": [3, 7, 17],
			"faces": {
				"north": {"uv": [0, 0, 0.5, 0], "texture": "#0"},
				"east": {"uv": [0, 0, 2, 0], "texture": "#0"},
				"south": {"uv": [0, 0, 0.5, 0], "texture": "#0"},
				"west": {"uv": [0, 0, 2, 0], "texture": "#0"},
				"up": {"uv": [1, 6, 0.5, 4], "texture": "#0"},
				"down": {"uv": [1, 4, 0.5, 6], "texture": "#0"}
			}
		},
		{
			"from": [12, 7, 15],
			"to": [13, 7, 24],
			"faces": {
				"north": {"uv": [0, 0, 0.5, 0], "texture": "#0"},
				"east": {"uv": [0, 0, 4.5, 0], "texture": "#0"},
				"south": {"uv": [0, 0, 0.5, 0], "texture": "#0"},
				"west": {"uv": [0, 0, 4.5, 0], "texture": "#0"},
				"up": {"uv": [0.5, 8.5, 0, 4], "texture": "#0"},
				"down": {"uv": [0.5, 4, 0, 8.5], "texture": "#0"}
			}
		},
		{
			"from": [11, 7, 13],
			"to": [12, 7, 17],
			"faces": {
				"north": {"uv": [0, 0, 0.5, 0], "texture": "#0"},
				"east": {"uv": [0, 0, 2, 0], "texture": "#0"},
				"south": {"uv": [0, 0, 0.5, 0], "texture": "#0"},
				"west": {"uv": [0, 0, 2, 0], "texture": "#0"},
				"up": {"uv": [1, 6, 0.5, 4], "texture": "#0"},
				"down": {"uv": [1, 4, 0.5, 6], "texture": "#0"}
			}
		},
		{
			"from": [7, 12, 15],
			"to": [7, 13, 24],
			"faces": {
				"north": {"uv": [0, 5.5, 0, 6], "texture": "#0"},
				"east": {"uv": [0, 8.5, 0.5, 4], "rotation": 90, "texture": "#0"},
				"south": {"uv": [0, 5.5, 0, 6], "texture": "#0"},
				"west": {"uv": [0, 4, 0.5, 8.5], "rotation": 90, "texture": "#0"},
				"up": {"uv": [0, 8.5, 0, 4], "texture": "#0"},
				"down": {"uv": [0, 4, 0, 8.5], "texture": "#0"}
			}
		},
		{
			"from": [7, 11, 13],
			"to": [7, 12, 17],
			"faces": {
				"north": {"uv": [0, 0, 0, 0.5], "texture": "#0"},
				"east": {"uv": [1, 6, 0.5, 4], "rotation": 90, "texture": "#0"},
				"south": {"uv": [0, 0, 0, 0.5], "texture": "#0"},
				"west": {"uv": [0.5, 4, 1, 6], "rotation": 90, "texture": "#0"},
				"up": {"uv": [0, 2, 0, 0], "texture": "#0"},
				"down": {"uv": [0, 0, 0, 2], "texture": "#0"}
			}
		},
		{
			"from": [7, 1, 15],
			"to": [7, 2, 24],
			"faces": {
				"north": {"uv": [0, 0, 0, 0.5], "texture": "#0"},
				"east": {"uv": [0, 8.5, 0.5, 4], "rotation": 90, "texture": "#0"},
				"south": {"uv": [0, 0, 0, 0.5], "texture": "#0"},
				"west": {"uv": [0, 4, 0.5, 8.5], "rotation": 90, "texture": "#0"},
				"up": {"uv": [0, 4.5, 0, 0], "texture": "#0"},
				"down": {"uv": [0, 0, 0, 4.5], "texture": "#0"}
			}
		},
		{
			"from": [7, 2, 13],
			"to": [7, 3, 17],
			"faces": {
				"north": {"uv": [0, 0, 0, 0.5], "texture": "#0"},
				"east": {"uv": [0.5, 6, 1, 4], "rotation": 90, "texture": "#0"},
				"south": {"uv": [0, 0, 0, 0.5], "texture": "#0"},
				"west": {"uv": [0.5, 4, 1, 6], "rotation": 90, "texture": "#0"},
				"up": {"uv": [0, 2, 0, 0], "texture": "#0"},
				"down": {"uv": [0, 0, 0, 2], "texture": "#0"}
			}
		},
		{
			"from": [1, 7, 15],
			"to": [2, 7, 24],
			"faces": {
				"north": {"uv": [0, 0, 0.5, 0], "texture": "#0"},
				"east": {"uv": [0, 0, 4.5, 0], "texture": "#0"},
				"south": {"uv": [0, 0, 0.5, 0], "texture": "#0"},
				"west": {"uv": [0, 0, 4.5, 0], "texture": "#0"},
				"up": {"uv": [0.5, 8.5, 0, 4], "texture": "#0"},
				"down": {"uv": [0.5, 4, 0, 8.5], "texture": "#0"}
			}
		},
		{
			"from": [6, 6, 14],
			"to": [8, 8, 16],
			"faces": {
				"north": {"uv": [1, 4, 2, 5], "texture": "#0"},
				"east": {"uv": [1, 4, 2, 5], "texture": "#0"},
				"south": {"uv": [2, 4, 1, 5], "texture": "#0"},
				"west": {"uv": [2, 4, 1, 5], "texture": "#0"},
				"up": {"uv": [2, 5, 1, 4], "texture": "#0"},
				"down": {"uv": [2, 4, 1, 5], "texture": "#0"}
			}
		}
	],
	"display": {
		"thirdperson_righthand": {
			"translation": [1.25, -1.25, -6.5]
		},
		"thirdperson_lefthand": {
			"translation": [-1.25, -1.25, -6.5]
		},
		"firstperson_righthand": {
			"rotation": [-100, 15, 8],
			"translation": [0.5, -0.25, 0]
		},
		"firstperson_lefthand": {
			"rotation": [-100, 13, 8],
			"translation": [-0.5, 0.25, 0]
		},
		"ground": {
			"translation": [0, 5.75, 0]
		},
		"gui": {
			"rotation": [30, 132, 0],
			"translation": [-1.75, 0.5, 0]
		},
		"head": {
			"translation": [1.5, 2.5, -4.5],
			"scale": [2, 2, 2]
		},
		"fixed": {
			"rotation": [0, 180, 0],
			"translation": [-3, 3, -6],
			"scale": [3, 3, 3]
		}
	}
}